,survived,pclass,sex,age,sibsp,parch,fare,embarked,class,who,adult_male,deck,embark_town,alive,alone,nEW
0,0,3,male,22.0,1,0,7.25,S,Third,man,True,,Southampton,no,False,MALE
1,1,1,female,38.0,1,0,71.2833,C,First,woman,False,C,Cherbourg,yes,False,FEMALE
2,1,3,female,26.0,0,0,7.925,S,Third,woman,False,,Southampton,yes,True,FEMALE
3,1,1,female,35.0,1,0,53.1,S,First,woman,False,C,Southampton,yes,False,FEMALE
4,0,3,male,35.0,0,0,8.05,S,Third,man,True,,Southampton,no,True,MALE
5,0,3,male,29.69911764705882,0,0,8.4583,Q,Third,man,True,,Queenstown,no,True,MALE
6,0,1,male,54.0,0,0,51.8625,S,First,man,True,E,Southampton,no,True,MALE
7,0,3,male,2.0,3,1,21.075,S,Third,child,False,,Southampton,no,False,MALE
8,1,3,female,27.0,0,2,11.1333,S,Third,woman,False,,Southampton,yes,False,FEMALE
9,1,2,female,14.0,1,0,30.0708,C,Second,child,False,,Cherbourg,yes,False,FEMALE
10,1,3,female,4.0,1,1,16.7,S,Third,child,False,G,Southampton,yes,False,FEMALE
11,1,1,female,58.0,0,0,26.55,S,First,woman,False,C,Southampton,yes,True,FEMALE
12,0,3,male,20.0,0,0,8.05,S,Third,man,True,,Southampton,no,True,MALE
13,0,3,male,39.0,1,5,31.275,S,Third,man,True,,Southampton,no,False,MALE
14,0,3,female,14.0,0,0,7.8542,S,Third,child,False,,Southampton,no,True,FEMALE
15,1,2,female,55.0,0,0,16.0,S,Second,woman,False,,Southampton,yes,True,FEMALE
16,0,3,male,2.0,4,1,29.125,Q,Third,child,False,,Queenstown,no,False,MALE
17,1,2,male,29.69911764705882,0,0,13.0,S,Second,man,True,,Southampton,yes,True,MALE
18,0,3,female,31.0,1,0,18.0,S,Third,woman,False,,Southampton,no,False,FEMALE
19,1,3,female,29.69911764705882,0,0,7.225,C,Third,woman,False,,Cherbourg,yes,True,FEMALE
20,0,2,male,35.0,0,0,26.0,S,Second,man,True,,Southampton,no,True,MALE
21,1,2,male,34.0,0,0,13.0,S,Second,man,True,D,Southampton,yes,True,MALE
22,1,3,female,15.0,0,0,8.0292,Q,Third,child,False,,Queenstown,yes,True,FEMALE
23,1,1,male,28.0,0,0,35.5,S,First,man,True,A,Southampton,yes,True,MALE
24,0,3,female,8.0,3,1,21.075,S,Third,child,False,,Southampton,no,False,FEMALE
25,1,3,female,38.0,1,5,31.3875,S,Third,woman,False,,Southampton,yes,False,FEMALE
26,0,3,male,29.69911764705882,0,0,7.225,C,Third,man,True,,Cherbourg,no,True,MALE
27,0,1,male,19.0,3,2,263.0,S,First,man,True,C,Southampton,no,False,MALE
28,1,3,female,29.69911764705882,0,0,7.8792,Q,Third,woman,False,,Queenstown,yes,True,FEMALE
29,0,3,male,29.69911764705882,0,0,7.8958,S,Third,man,True,,Southampton,no,True,MALE
30,0,1,male,40.0,0,0,27.7208,C,First,man,True,,Cherbourg,no,True,MALE
31,1,1,female,29.69911764705882,1,0,146.5208,C,First,woman,False,B,Cherbourg,yes,False,FEMALE
32,1,3,female,29.69911764705882,0,0,7.75,Q,Third,woman,False,,Queenstown,yes,True,FEMALE
33,0,2,male,66.0,0,0,10.5,S,Second,man,True,,Southampton,no,True,MALE
34,0,1,male,28.0,1,0,82.1708,C,First,man,True,,Cherbourg,no,False,MALE
35,0,1,male,42.0,1,0,52.0,S,First,man,True,,Southampton,no,False,MALE
36,1,3,male,29.69911764705882,0,0,7.2292,C,Third,man,True,,Cherbourg,yes,True,MALE
37,0,3,male,21.0,0,0,8.05,S,Third,man,True,,Southampton,no,True,MALE
38,0,3,female,18.0,2,0,18.0,S,Third,woman,False,,Southampton,no,False,FEMALE
39,1,3,female,14.0,1,0,11.2417,C,Third,child,False,,Cherbourg,yes,False,FEMALE
40,0,3,female,40.0,1,0,9.475,S,Third,woman,False,,Southampton,no,False,FEMALE
41,0,2,female,27.0,1,0,21.0,S,Second,woman,False,,Southampton,no,False,FEMALE
42,0,3,male,29.69911764705882,0,0,7.8958,C,Third,man,True,,Cherbourg,no,True,MALE
43,1,2,female,3.0,1,2,41.5792,C,Second,child,False,,Cherbourg,yes,False,FEMALE
44,1,3,female,19.0,0,0,7.8792,Q,Third,woman,False,,Queenstown,yes,True,FEMALE
45,0,3,male,29.69911764705882,0,0,8.05,S,Third,man,True,,Southampton,no,True,MALE
46,0,3,male,29.69911764705882,1,0,15.5,Q,Third,man,True,,Queenstown,no,False,MALE
47,1,3,female,29.69911764705882,0,0,7.75,Q,Third,woman,False,,Queenstown,yes,True,FEMALE
48,0,3,male,29.69911764705882,2,0,21.6792,C,Third,man,True,,Cherbourg,no,False,MALE
49,0,3,female,18.0,1,0,17.8,S,Third,woman,False,,Southampton,no,False,FEMALE
50,0,3,male,7.0,4,1,39.6875,S,Third,child,False,,Southampton,no,False,MALE
51,0,3,male,21.0,0,0,7.8,S,Third,man,True,,Southampton,no,True,MALE
52,1,1,female,49.0,1,0,76.7292,C,First,woman,False,D,Cherbourg,yes,False,FEMALE
53,1,2,female,29.0,1,0,26.0,S,Second,woman,False,,Southampton,yes,False,FEMALE
54,0,1,male,65.0,0,1,61.9792,C,First,man,True,B,Cherbourg,no,False,MALE
55,1,1,male,29.69911764705882,0,0,35.5,S,First,man,True,C,Southampton,yes,True,MALE
56,1,2,female,21.0,0,0,10.5,S,Second,woman,False,,Southampton,yes,True,FEMALE
57,0,3,male,28.5,0,0,7.2292,C,Third,man,True,,Cherbourg,no,True,MALE
58,1,2,female,5.0,1,2,27.75,S,Second,child,False,,Southampton,yes,False,FEMALE
59,0,3,male,11.0,5,2,46.9,S,Third,child,False,,Southampton,no,False,MALE
60,0,3,male,22.0,0,0,7.2292,C,Third,man,True,,Cherbourg,no,True,MALE
61,1,1,female,38.0,0,0,80.0,,First,woman,False,B,,yes,True,FEMALE
62,0,1,male,45.0,1,0,83.475,S,First,man,True,C,Southampton,no,False,MALE
63,0,3,male,4.0,3,2,27.9,S,Third,child,False,,Southampton,no,False,MALE
64,0,1,male,29.69911764705882,0,0,27.7208,C,First,man,True,,Cherbourg,no,True,MALE
65,1,3,male,29.69911764705882,1,1,15.2458,C,Third,man,True,,Cherbourg,yes,False,MALE
66,1,2,female,29.0,0,0,10.5,S,Second,woman,False,F,Southampton,yes,True,FEMALE
67,0,3,male,19.0,0,0,8.1583,S,Third,man,True,,Southampton,no,True,MALE
68,1,3,female,17.0,4,2,7.925,S,Third,woman,False,,Southampton,yes,False,FEMALE
69,0,3,male,26.0,2,0,8.6625,S,Third,man,True,,Southampton,no,False,MALE
70,0,2,male,32.0,0,0,10.5,S,Second,man,True,,Southampton,no,True,MALE
71,0,3,female,16.0,5,2,46.9,S,Third,woman,False,,Southampton,no,False,FEMALE
72,0,2,male,21.0,0,0,73.5,S,Second,man,True,,Southampton,no,True,MALE
73,0,3,male,26.0,1,0,14.4542,C,Third,man,True,,Cherbourg,no,False,MALE
74,1,3,male,32.0,0,0,56.4958,S,Third,man,True,,Southampton,yes,True,MALE
75,0,3,male,25.0,0,0,7.65,S,Third,man,True,F,Southampton,no,True,MALE
76,0,3,male,29.69911764705882,0,0,7.8958,S,Third,man,True,,Southampton,no,True,MALE
77,0,3,male,29.69911764705882,0,0,8.05,S,Third,man,True,,Southampton,no,True,MALE
78,1,2,male,0.83,0,2,29.0,S,Second,child,False,,Southampton,yes,False,MALE
79,1,3,female,30.0,0,0,12.475,S,Third,woman,False,,Southampton,yes,True,FEMALE
80,0,3,male,22.0,0,0,9.0,S,Third,man,True,,Southampton,no,True,MALE
81,1,3,male,29.0,0,0,9.5,S,Third,man,True,,Southampton,yes,True,MALE
82,1,3,female,29.69911764705882,0,0,7.7875,Q,Third,woman,False,,Queenstown,yes,True,FEMALE
83,0,1,male,28.0,0,0,47.1,S,First,man,True,,Southampton,no,True,MALE
84,1,2,female,17.0,0,0,10.5,S,Second,woman,False,,Southampton,yes,True,FEMALE
85,1,3,female,33.0,3,0,15.85,S,Third,woman,False,,Southampton,yes,False,FEMALE
86,0,3,male,16.0,1,3,34.375,S,Third,man,True,,Southampton,no,False,MALE
87,0,3,male,29.69911764705882,0,0,8.05,S,Third,man,True,,Southampton,no,True,MALE
88,1,1,female,23.0,3,2,263.0,S,First,woman,False,C,Southampton,yes,False,FEMALE
89,0,3,male,24.0,0,0,8.05,S,Third,man,True,,Southampton,no,True,MALE
90,0,3,male,29.0,0,0,8.05,S,Third,man,True,,Southampton,no,True,MALE
91,0,3,male,20.0,0,0,7.8542,S,Third,man,True,,Southampton,no,True,MALE
92,0,1,male,46.0,1,0,61.175,S,First,man,True,E,Southampton,no,False,MALE
93,0,3,male,26.0,1,2,20.575,S,Third,man,True,,Southampton,no,False,MALE
94,0,3,male,59.0,0,0,7.25,S,Third,man,True,,Southampton,no,True,MALE
95,0,3,male,29.69911764705882,0,0,8.05,S,Third,man,True,,Southampton,no,True,MALE
96,0,1,male,71.0,0,0,34.6542,C,First,man,True,A,Cherbourg,no,True,MALE
97,1,1,male,23.0,0,1,63.3583,C,First,man,True,D,Cherbourg,yes,False,MALE
98,1,2,female,34.0,0,1,23.0,S,Second,woman,False,,Southampton,yes,False,FEMALE
99,0,2,male,34.0,1,0,26.0,S,Second,man,True,,Southampton,no,False,MALE
100,0,3,female,28.0,0,0,7.8958,S,Third,woman,False,,Southampton,no,True,FEMALE
101,0,3,male,29.69911764705882,0,0,7.8958,S,Third,man,True,,Southampton,no,True,MALE
102,0,1,male,21.0,0,1,77.2875,S,First,man,True,D,Southampton,no,False,MALE
103,0,3,male,33.0,0,0,8.6542,S,Third,man,True,,Southampton,no,True,MALE
104,0,3,male,37.0,2,0,7.925,S,Third,man,True,,Southampton,no,False,MALE
105,0,3,male,28.0,0,0,7.8958,S,Third,man,True,,Southampton,no,True,MALE
106,1,3,female,21.0,0,0,7.65,S,Third,woman,False,,Southampton,yes,True,FEMALE
107,1,3,male,29.69911764705882,0,0,7.775,S,Third,man,True,,Southampton,yes,True,MALE
108,0,3,male,38.0,0,0,7.8958,S,Third,man,True,,Southampton,no,True,MALE
109,1,3,female,29.69911764705882,1,0,24.15,Q,Third,woman,False,,Queenstown,yes,False,FEMALE
110,0,1,male,47.0,0,0,52.0,S,First,man,True,C,Southampton,no,True,MALE
111,0,3,female,14.5,1,0,14.4542,C,Third,child,False,,Cherbourg,no,False,FEMALE
112,0,3,male,22.0,0,0,8.05,S,Third,man,True,,Southampton,no,True,MALE
113,0,3,female,20.0,1,0,9.825,S,Third,woman,False,,Southampton,no,False,FEMALE
114,0,3,female,17.0,0,0,14.4583,C,Third,woman,False,,Cherbourg,no,True,FEMALE
115,0,3,male,21.0,0,0,7.925,S,Third,man,True,,Southampton,no,True,MALE
116,0,3,male,70.5,0,0,7.75,Q,Third,man,True,,Queenstown,no,True,MALE
117,0,2,male,29.0,1,0,21.0,S,Second,man,True,,Southampton,no,False,MALE
118,0,1,male,24.0,0,1,247.5208,C,First,man,True,B,Cherbourg,no,False,MALE
119,0,3,female,2.0,4,2,31.275,S,Third,child,False,,Southampton,no,False,FEMALE
120,0,2,male,21.0,2,0,73.5,S,Second,man,True,,Southampton,no,False,MALE
121,0,3,male,29.69911764705882,0,0,8.05,S,Third,man,True,,Southampton,no,True,MALE
122,0,2,male,32.5,1,0,30.0708,C,Second,man,True,,Cherbourg,no,False,MALE
123,1,2,female,32.5,0,0,13.0,S,Second,woman,False,E,Southampton,yes,True,FEMALE
124,0,1,male,54.0,0,1,77.2875,S,First,man,True,D,Southampton,no,False,MALE
125,1,3,male,12.0,1,0,11.2417,C,Third,child,False,,Cherbourg,yes,False,MALE
126,0,3,male,29.69911764705882,0,0,7.75,Q,Third,man,True,,Queenstown,no,True,MALE
127,1,3,male,24.0,0,0,7.1417,S,Third,man,True,,Southampton,yes,True,MALE
128,1,3,female,29.69911764705882,1,1,22.3583,C,Third,woman,False,F,Cherbourg,yes,False,FEMALE
129,0,3,male,45.0,0,0,6.975,S,Third,man,True,,Southampton,no,True,MALE
130,0,3,male,33.0,0,0,7.8958,C,Third,man,True,,Cherbourg,no,True,MALE
131,0,3,male,20.0,0,0,7.05,S,Third,man,True,,Southampton,no,True,MALE
132,0,3,female,47.0,1,0,14.5,S,Third,woman,False,,Southampton,no,False,FEMALE
133,1,2,female,29.0,1,0,26.0,S,Second,woman,False,,Southampton,yes,False,FEMALE
134,0,2,male,25.0,0,0,13.0,S,Second,man,True,,Southampton,no,True,MALE
135,0,2,male,23.0,0,0,15.0458,C,Second,man,True,,Cherbourg,no,True,MALE
136,1,1,female,19.0,0,2,26.2833,S,First,woman,False,D,Southampton,yes,False,FEMALE
137,0,1,male,37.0,1,0,53.1,S,First,man,True,C,Southampton,no,False,MALE
138,0,3,male,16.0,0,0,9.2167,S,Third,man,True,,Southampton,no,True,MALE
139,0,1,male,24.0,0,0,79.2,C,First,man,True,B,Cherbourg,no,True,MALE
140,0,3,female,29.69911764705882,0,2,15.2458,C,Third,woman,False,,Cherbourg,no,False,FEMALE
141,1,3,female,22.0,0,0,7.75,S,Third,woman,False,,Southampton,yes,True,FEMALE
142,1,3,female,24.0,1,0,15.85,S,Third,woman,False,,Southampton,yes,False,FEMALE
143,0,3,male,19.0,0,0,6.75,Q,Third,man,True,,Queenstown,no,True,MALE
144,0,2,male,18.0,0,0,11.5,S,Second,man,True,,Southampton,no,True,MALE
145,0,2,male,19.0,1,1,36.75,S,Second,man,True,,Southampton,no,False,MALE
146,1,3,male,27.0,0,0,7.7958,S,Third,man,True,,Southampton,yes,True,MALE
147,0,3,female,9.0,2,2,34.375,S,Third,child,False,,Southampton,no,False,FEMALE
148,0,2,male,36.5,0,2,26.0,S,Second,man,True,F,Southampton,no,False,MALE
149,0,2,male,42.0,0,0,13.0,S,Second,man,True,,Southampton,no,True,MALE
150,0,2,male,51.0,0,0,12.525,S,Second,man,True,,Southampton,no,True,MALE
151,1,1,female,22.0,1,0,66.6,S,First,woman,False,C,Southampton,yes,False,FEMALE
152,0,3,male,55.5,0,0,8.05,S,Third,man,True,,Southampton,no,True,MALE
153,0,3,male,40.5,0,2,14.5,S,Third,man,True,,Southampton,no,False,MALE
154,0,3,male,29.69911764705882,0,0,7.3125,S,Third,man,True,,Southampton,no,True,MALE
155,0,1,male,51.0,0,1,61.3792,C,First,man,True,,Cherbourg,no,False,MALE
156,1,3,female,16.0,0,0,7.7333,Q,Third,woman,False,,Queenstown,yes,True,FEMALE
157,0,3,male,30.0,0,0,8.05,S,Third,man,True,,Southampton,no,True,MALE
158,0,3,male,29.69911764705882,0,0,8.6625,S,Third,man,True,,Southampton,no,True,MALE
159,0,3,male,29.69911764705882,8,2,69.55,S,Third,man,True,,Southampton,no,False,MALE
160,0,3,male,44.0,0,1,16.1,S,Third,man,True,,Southampton,no,False,MALE
161,1,2,female,40.0,0,0,15.75,S,Second,woman,False,,Southampton,yes,True,FEMALE
162,0,3,male,26.0,0,0,7.775,S,Third,man,True,,Southampton,no,True,MALE
163,0,3,male,17.0,0,0,8.6625,S,Third,man,True,,Southampton,no,True,MALE
164,0,3,male,1.0,4,1,39.6875,S,Third,child,False,,Southampton,no,False,MALE
165,1,3,male,9.0,0,2,20.525,S,Third,child,False,,Southampton,yes,False,MALE
166,1,1,female,29.69911764705882,0,1,55.0,S,First,woman,False,E,Southampton,yes,False,FEMALE
167,0,3,female,45.0,1,4,27.9,S,Third,woman,False,,Southampton,no,False,FEMALE
168,0,1,male,29.69911764705882,0,0,25.925,S,First,man,True,,Southampton,no,True,MALE
169,0,3,male,28.0,0,0,56.4958,S,Third,man,True,,Southampton,no,True,MALE
170,0,1,male,61.0,0,0,33.5,S,First,man,True,B,Southampton,no,True,MALE
171,0,3,male,4.0,4,1,29.125,Q,Third,child,False,,Queenstown,no,False,MALE
172,1,3,female,1.0,1,1,11.1333,S,Third,child,False,,Southampton,yes,False,FEMALE
173,0,3,male,21.0,0,0,7.925,S,Third,man,True,,Southampton,no,True,MALE
174,0,1,male,56.0,0,0,30.6958,C,First,man,True,A,Cherbourg,no,True,MALE
175,0,3,male,18.0,1,1,7.8542,S,Third,man,True,,Southampton,no,False,MALE
176,0,3,male,29.69911764705882,3,1,25.4667,S,Third,man,True,,Southampton,no,False,MALE
177,0,1,female,50.0,0,0,28.7125,C,First,woman,False,C,Cherbourg,no,True,FEMALE
178,0,2,male,30.0,0,0,13.0,S,Second,man,True,,Southampton,no,True,MALE
179,0,3,male,36.0,0,0,0.0,S,Third,man,True,,Southampton,no,True,MALE
180,0,3,female,29.69911764705882,8,2,69.55,S,Third,woman,False,,Southampton,no,False,FEMALE
181,0,2,male,29.69911764705882,0,0,15.05,C,Second,man,True,,Cherbourg,no,True,MALE
182,0,3,male,9.0,4,2,31.3875,S,Third,child,False,,Southampton,no,False,MALE
183,1,2,male,1.0,2,1,39.0,S,Second,child,False,F,Southampton,yes,False,MALE
184,1,3,female,4.0,0,2,22.025,S,Third,child,False,,Southampton,yes,False,FEMALE
185,0,1,male,29.69911764705882,0,0,50.0,S,First,man,True,A,Southampton,no,True,MALE
186,1,3,female,29.69911764705882,1,0,15.5,Q,Third,woman,False,,Queenstown,yes,False,FEMALE
187,1,1,male,45.0,0,0,26.55,S,First,man,True,,Southampton,yes,True,MALE
188,0,3,male,40.0,1,1,15.5,Q,Third,man,True,,Queenstown,no,False,MALE
189,0,3,male,36.0,0,0,7.8958,S,Third,man,True,,Southampton,no,True,MALE
190,1,2,female,32.0,0,0,13.0,S,Second,woman,False,,Southampton,yes,True,FEMALE
191,0,2,male,19.0,0,0,13.0,S,Second,man,True,,Southampton,no,True,MALE
192,1,3,female,19.0,1,0,7.8542,S,Third,woman,False,,Southampton,yes,False,FEMALE
193,1,2,male,3.0,1,1,26.0,S,Second,child,False,F,Southampton,yes,False,MALE
194,1,1,female,44.0,0,0,27.7208,C,First,woman,False,B,Cherbourg,yes,True,FEMALE
195,1,1,female,58.0,0,0,146.5208,C,First,woman,False,B,Cherbourg,yes,True,FEMALE
196,0,3,male,29.69911764705882,0,0,7.75,Q,Third,man,True,,Queenstown,no,True,MALE
197,0,3,male,42.0,0,1,8.4042,S,Third,man,True,,Southampton,no,False,MALE
198,1,3,female,29.69911764705882,0,0,7.75,Q,Third,woman,False,,Queenstown,yes,True,FEMALE
199,0,2,female,24.0,0,0,13.0,S,Second,woman,False,,Southampton,no,True,FEMALE
200,0,3,male,28.0,0,0,9.5,S,Third,man,True,,Southampton,no,True,MALE
201,0,3,male,29.69911764705882,8,2,69.55,S,Third,man,True,,Southampton,no,False,MALE
202,0,3,male,34.0,0,0,6.4958,S,Third,man,True,,Southampton,no,True,MALE
203,0,3,male,45.5,0,0,7.225,C,Third,man,True,,Cherbourg,no,True,MALE
204,1,3,male,18.0,0,0,8.05,S,Third,man,True,,Southampton,yes,True,MALE
205,0,3,female,2.0,0,1,10.4625,S,Third,child,False,G,Southampton,no,False,FEMALE
206,0,3,male,32.0,1,0,15.85,S,Third,man,True,,Southampton,no,False,MALE
207,1,3,male,26.0,0,0,18.7875,C,Third,man,True,,Cherbourg,yes,True,MALE
208,1,3,female,16.0,0,0,7.75,Q,Third,woman,False,,Queenstown,yes,True,FEMALE
209,1,1,male,40.0,0,0,31.0,C,First,man,True,A,Cherbourg,yes,True,MALE
210,0,3,male,24.0,0,0,7.05,S,Third,man,True,,Southampton,no,True,MALE
211,1,2,female,35.0,0,0,21.0,S,Second,woman,False,,Southampton,yes,True,FEMALE
212,0,3,male,22.0,0,0,7.25,S,Third,man,True,,Southampton,no,True,MALE
213,0,2,male,30.0,0,0,13.0,S,Second,man,True,,Southampton,no,True,MALE
214,0,3,male,29.69911764705882,1,0,7.75,Q,Third,man,True,,Queenstown,no,False,MALE
215,1,1,female,31.0,1,0,113.275,C,First,woman,False,D,Cherbourg,yes,False,FEMALE
216,1,3,female,27.0,0,0,7.925,S,Third,woman,False,,Southampton,yes,True,FEMALE
217,0,2,male,42.0,1,0,27.0,S,Second,man,True,,Southampton,no,False,MALE
218,1,1,female,32.0,0,0,76.2917,C,First,woman,False,D,Cherbourg,yes,True,FEMALE
219,0,2,male,30.0,0,0,10.5,S,Second,man,True,,Southampton,no,True,MALE
220,1,3,male,16.0,0,0,8.05,S,Third,man,True,,Southampton,yes,True,MALE
221,0,2,male,27.0,0,0,13.0,S,Second,man,True,,Southampton,no,True,MALE
222,0,3,male,51.0,0,0,8.05,S,Third,man,True,,Southampton,no,True,MALE
223,0,3,male,29.69911764705882,0,0,7.8958,S,Third,man,True,,Southampton,no,True,MALE
224,1,1,male,38.0,1,0,90.0,S,First,man,True,C,Southampton,yes,False,MALE
225,0,3,male,22.0,0,0,9.35,S,Third,man,True,,Southampton,no,True,MALE
226,1,2,male,19.0,0,0,10.5,S,Second,man,True,,Southampton,yes,True,MALE
227,0,3,male,20.5,0,0,7.25,S,Third,man,True,,Southampton,no,True,MALE
228,0,2,male,18.0,0,0,13.0,S,Second,man,True,,Southampton,no,True,MALE
229,0,3,female,29.69911764705882,3,1,25.4667,S,Third,woman,False,,Southampton,no,False,FEMALE
230,1,1,female,35.0,1,0,83.475,S,First,woman,False,C,Southampton,yes,False,FEMALE
231,0,3,male,29.0,0,0,7.775,S,Third,man,True,,Southampton,no,True,MALE
232,0,2,male,59.0,0,0,13.5,S,Second,man,True,,Southampton,no,True,MALE
233,1,3,female,5.0,4,2,31.3875,S,Third,child,False,,Southampton,yes,False,FEMALE
234,0,2,male,24.0,0,0,10.5,S,Second,man,True,,Southampton,no,True,MALE
235,0,3,female,29.69911764705882,0,0,7.55,S,Third,woman,False,,Southampton,no,True,FEMALE
236,0,2,male,44.0,1,0,26.0,S,Second,man,True,,Southampton,no,False,MALE
237,1,2,female,8.0,0,2,26.25,S,Second,child,False,,Southampton,yes,False,FEMALE
238,0,2,male,19.0,0,0,10.5,S,Second,man,True,,Southampton,no,True,MALE
239,0,2,male,33.0,0,0,12.275,S,Second,man,True,,Southampton,no,True,MALE
240,0,3,female,29.69911764705882,1,0,14.4542,C,Third,woman,False,,Cherbourg,no,False,FEMALE
241,1,3,female,29.69911764705882,1,0,15.5,Q,Third,woman,False,,Queenstown,yes,False,FEMALE
242,0,2,male,29.0,0,0,10.5,S,Second,man,True,,Southampton,no,True,MALE
243,0,3,male,22.0,0,0,7.125,S,Third,man,True,,Southampton,no,True,MALE
244,0,3,male,30.0,0,0,7.225,C,Third,man,True,,Cherbourg,no,True,MALE
245,0,1,male,44.0,2,0,90.0,Q,First,man,True,C,Queenstown,no,False,MALE
246,0,3,female,25.0,0,0,7.775,S,Third,woman,False,,Southampton,no,True,FEMALE
247,1,2,female,24.0,0,2,14.5,S,Second,woman,False,,Southampton,yes,False,FEMALE
248,1,1,male,37.0,1,1,52.5542,S,First,man,True,D,Southampton,yes,False,MALE
249,0,2,male,54.0,1,0,26.0,S,Second,man,True,,Southampton,no,False,MALE
250,0,3,male,29.69911764705882,0,0,7.25,S,Third,man,True,,Southampton,no,True,MALE
251,0,3,female,29.0,1,1,10.4625,S,Third,woman,False,G,Southampton,no,False,FEMALE
252,0,1,male,62.0,0,0,26.55,S,First,man,True,C,Southampton,no,True,MALE
253,0,3,male,30.0,1,0,16.1,S,Third,man,True,,Southampton,no,False,MALE
254,0,3,female,41.0,0,2,20.2125,S,Third,woman,False,,Southampton,no,False,FEMALE
255,1,3,female,29.0,0,2,15.2458,C,Third,woman,False,,Cherbourg,yes,False,FEMALE
256,1,1,female,29.69911764705882,0,0,79.2,C,First,woman,False,,Cherbourg,yes,True,FEMALE
257,1,1,female,30.0,0,0,86.5,S,First,woman,False,B,Southampton,yes,True,FEMALE
258,1,1,female,35.0,0,0,512.3292,C,First,woman,False,,Cherbourg,yes,True,FEMALE
259,1,2,female,50.0,0,1,26.0,S,Second,woman,False,,Southampton,yes,False,FEMALE
260,0,3,male,29.69911764705882,0,0,7.75,Q,Third,man,True,,Queenstown,no,True,MALE
261,1,3,male,3.0,4,2,31.3875,S,Third,child,False,,Southampton,yes,False,MALE
262,0,1,male,52.0,1,1,79.65,S,First,man,True,E,Southampton,no,False,MALE
263,0,1,male,40.0,0,0,0.0,S,First,man,True,B,Southampton,no,True,MALE
264,0,3,female,29.69911764705882,0,0,7.75,Q,Third,woman,False,,Queenstown,no,True,FEMALE
265,0,2,male,36.0,0,0,10.5,S,Second,man,True,,Southampton,no,True,MALE
266,0,3,male,16.0,4,1,39.6875,S,Third,man,True,,Southampton,no,False,MALE
267,1,3,male,25.0,1,0,7.775,S,Third,man,True,,Southampton,yes,False,MALE
268,1,1,female,58.0,0,1,153.4625,S,First,woman,False,C,Southampton,yes,False,FEMALE
269,1,1,female,35.0,0,0,135.6333,S,First,woman,False,C,Southampton,yes,True,FEMALE
270,0,1,male,29.69911764705882,0,0,31.0,S,First,man,True,,Southampton,no,True,MALE
271,1,3,male,25.0,0,0,0.0,S,Third,man,True,,Southampton,yes,True,MALE
272,1,2,female,41.0,0,1,19.5,S,Second,woman,False,,Southampton,yes,False,FEMALE
273,0,1,male,37.0,0,1,29.7,C,First,man,True,C,Cherbourg,no,False,MALE
274,1,3,female,29.69911764705882,0,0,7.75,Q,Third,woman,False,,Queenstown,yes,True,FEMALE
275,1,1,female,63.0,1,0,77.9583,S,First,woman,False,D,Southampton,yes,False,FEMALE
276,0,3,female,45.0,0,0,7.75,S,Third,woman,False,,Southampton,no,True,FEMALE
277,0,2,male,29.69911764705882,0,0,0.0,S,Second,man,True,,Southampton,no,True,MALE
278,0,3,male,7.0,4,1,29.125,Q,Third,child,False,,Queenstown,no,False,MALE
279,1,3,female,35.0,1,1,20.25,S,Third,woman,False,,Southampton,yes,False,FEMALE
280,0,3,male,65.0,0,0,7.75,Q,Third,man,True,,Queenstown,no,True,MALE
281,0,3,male,28.0,0,0,7.8542,S,Third,man,True,,Southampton,no,True,MALE
282,0,3,male,16.0,0,0,9.5,S,Third,man,True,,Southampton,no,True,MALE
283,1,3,male,19.0,0,0,8.05,S,Third,man,True,,Southampton,yes,True,MALE
284,0,1,male,29.69911764705882,0,0,26.0,S,First,man,True,A,Southampton,no,True,MALE
285,0,3,male,33.0,0,0,8.6625,C,Third,man,True,,Cherbourg,no,True,MALE
286,1,3,male,30.0,0,0,9.5,S,Third,man,True,,Southampton,yes,True,MALE
287,0,3,male,22.0,0,0,7.8958,S,Third,man,True,,Southampton,no,True,MALE
288,1,2,male,42.0,0,0,13.0,S,Second,man,True,,Southampton,yes,True,MALE
289,1,3,female,22.0,0,0,7.75,Q,Third,woman,False,,Queenstown,yes,True,FEMALE
290,1,1,female,26.0,0,0,78.85,S,First,woman,False,,Southampton,yes,True,FEMALE
291,1,1,female,19.0,1,0,91.0792,C,First,woman,False,B,Cherbourg,yes,False,FEMALE
292,0,2,male,36.0,0,0,12.875,C,Second,man,True,D,Cherbourg,no,True,MALE
293,0,3,female,24.0,0,0,8.85,S,Third,woman,False,,Southampton,no,True,FEMALE
294,0,3,male,24.0,0,0,7.8958,S,Third,man,True,,Southampton,no,True,MALE
295,0,1,male,29.69911764705882,0,0,27.7208,C,First,man,True,,Cherbourg,no,True,MALE
296,0,3,male,23.5,0,0,7.2292,C,Third,man,True,,Cherbourg,no,True,MALE
297,0,1,female,2.0,1,2,151.55,S,First,child,False,C,Southampton,no,False,FEMALE
298,1,1,male,29.69911764705882,0,0,30.5,S,First,man,True,C,Southampton,yes,True,MALE
299,1,1,female,50.0,0,1,247.5208,C,First,woman,False,B,Cherbourg,yes,False,FEMALE
300,1,3,female,29.69911764705882,0,0,7.75,Q,Third,woman,False,,Queenstown,yes,True,FEMALE
301,1,3,male,29.69911764705882,2,0,23.25,Q,Third,man,True,,Queenstown,yes,False,MALE
302,0,3,male,19.0,0,0,0.0,S,Third,man,True,,Southampton,no,True,MALE
303,1,2,female,29.69911764705882,0,0,12.35,Q,Second,woman,False,E,Queenstown,yes,True,FEMALE
304,0,3,male,29.69911764705882,0,0,8.05,S,Third,man,True,,Southampton,no,True,MALE
305,1,1,male,0.92,1,2,151.55,S,First,child,False,C,Southampton,yes,False,MALE
306,1,1,female,29.69911764705882,0,0,110.8833,C,First,woman,False,,Cherbourg,yes,True,FEMALE
307,1,1,female,17.0,1,0,108.9,C,First,woman,False,C,Cherbourg,yes,False,FEMALE
308,0,2,male,30.0,1,0,24.0,C,Second,man,True,,Cherbourg,no,False,MALE
309,1,1,female,30.0,0,0,56.9292,C,First,woman,False,E,Cherbourg,yes,True,FEMALE
310,1,1,female,24.0,0,0,83.1583,C,First,woman,False,C,Cherbourg,yes,True,FEMALE
311,1,1,female,18.0,2,2,262.375,C,First,woman,False,B,Cherbourg,yes,False,FEMALE
312,0,2,female,26.0,1,1,26.0,S,Second,woman,False,,Southampton,no,False,FEMALE
313,0,3,male,28.0,0,0,7.8958,S,Third,man,True,,Southampton,no,True,MALE
314,0,2,male,43.0,1,1,26.25,S,Second,man,True,,Southampton,no,False,MALE
315,1,3,female,26.0,0,0,7.8542,S,Third,woman,False,,Southampton,yes,True,FEMALE
316,1,2,female,24.0,1,0,26.0,S,Second,woman,False,,Southampton,yes,False,FEMALE
317,0,2,male,54.0,0,0,14.0,S,Second,man,True,,Southampton,no,True,MALE
318,1,1,female,31.0,0,2,164.8667,S,First,woman,False,C,Southampton,yes,False,FEMALE
319,1,1,female,40.0,1,1,134.5,C,First,woman,False,E,Cherbourg,yes,False,FEMALE
320,0,3,male,22.0,0,0,7.25,S,Third,man,True,,Southampton,no,True,MALE
321,0,3,male,27.0,0,0,7.8958,S,Third,man,True,,Southampton,no,True,MALE
322,1,2,female,30.0,0,0,12.35,Q,Second,woman,False,,Queenstown,yes,True,FEMALE
323,1,2,female,22.0,1,1,29.0,S,Second,woman,False,,Southampton,yes,False,FEMALE
324,0,3,male,29.69911764705882,8,2,69.55,S,Third,man,True,,Southampton,no,False,MALE
325,1,1,female,36.0,0,0,135.6333,C,First,woman,False,C,Cherbourg,yes,True,FEMALE
326,0,3,male,61.0,0,0,6.2375,S,Third,man,True,,Southampton,no,True,MALE
327,1,2,female,36.0,0,0,13.0,S,Second,woman,False,D,Southampton,yes,True,FEMALE
328,1,3,female,31.0,1,1,20.525,S,Third,woman,False,,Southampton,yes,False,FEMALE
329,1,1,female,16.0,0,1,57.9792,C,First,woman,False,B,Cherbourg,yes,False,FEMALE
330,1,3,female,29.69911764705882,2,0,23.25,Q,Third,woman,False,,Queenstown,yes,False,FEMALE
331,0,1,male,45.5,0,0,28.5,S,First,man,True,C,Southampton,no,True,MALE
332,0,1,male,38.0,0,1,153.4625,S,First,man,True,C,Southampton,no,False,MALE
333,0,3,male,16.0,2,0,18.0,S,Third,man,True,,Southampton,no,False,MALE
334,1,1,female,29.69911764705882,1,0,133.65,S,First,woman,False,,Southampton,yes,False,FEMALE
335,0,3,male,29.69911764705882,0,0,7.8958,S,Third,man,True,,Southampton,no,True,MALE
336,0,1,male,29.0,1,0,66.6,S,First,man,True,C,Southampton,no,False,MALE
337,1,1,female,41.0,0,0,134.5,C,First,woman,False,E,Cherbourg,yes,True,FEMALE
338,1,3,male,45.0,0,0,8.05,S,Third,man,True,,Southampton,yes,True,MALE
339,0,1,male,45.0,0,0,35.5,S,First,man,True,,Southampton,no,True,MALE
340,1,2,male,2.0,1,1,26.0,S,Second,child,False,F,Southampton,yes,False,MALE
341,1,1,female,24.0,3,2,263.0,S,First,woman,False,C,Southampton,yes,False,FEMALE
342,0,2,male,28.0,0,0,13.0,S,Second,man,True,,Southampton,no,True,MALE
343,0,2,male,25.0,0,0,13.0,S,Second,man,True,,Southampton,no,True,MALE
344,0,2,male,36.0,0,0,13.0,S,Second,man,True,,Southampton,no,True,MALE
345,1,2,female,24.0,0,0,13.0,S,Second,woman,False,F,Southampton,yes,True,FEMALE
346,1,2,female,40.0,0,0,13.0,S,Second,woman,False,,Southampton,yes,True,FEMALE
347,1,3,female,29.69911764705882,1,0,16.1,S,Third,woman,False,,Southampton,yes,False,FEMALE
348,1,3,male,3.0,1,1,15.9,S,Third,child,False,,Southampton,yes,False,MALE
349,0,3,male,42.0,0,0,8.6625,S,Third,man,True,,Southampton,no,True,MALE
350,0,3,male,23.0,0,0,9.225,S,Third,man,True,,Southampton,no,True,MALE
351,0,1,male,29.69911764705882,0,0,35.0,S,First,man,True,C,Southampton,no,True,MALE
352,0,3,male,15.0,1,1,7.2292,C,Third,child,False,,Cherbourg,no,False,MALE
353,0,3,male,25.0,1,0,17.8,S,Third,man,True,,Southampton,no,False,MALE
354,0,3,male,29.69911764705882,0,0,7.225,C,Third,man,True,,Cherbourg,no,True,MALE
355,0,3,male,28.0,0,0,9.5,S,Third,man,True,,Southampton,no,True,MALE
356,1,1,female,22.0,0,1,55.0,S,First,woman,False,E,Southampton,yes,False,FEMALE
357,0,2,female,38.0,0,0,13.0,S,Second,woman,False,,Southampton,no,True,FEMALE
358,1,3,female,29.69911764705882,0,0,7.8792,Q,Third,woman,False,,Queenstown,yes,True,FEMALE
359,1,3,female,29.69911764705882,0,0,7.8792,Q,Third,woman,False,,Queenstown,yes,True,FEMALE
360,0,3,male,40.0,1,4,27.9,S,Third,man,True,,Southampton,no,False,MALE
361,0,2,male,29.0,1,0,27.7208,C,Second,man,True,,Cherbourg,no,False,MALE
362,0,3,female,45.0,0,1,14.4542,C,Third,woman,False,,Cherbourg,no,False,FEMALE
363,0,3,male,35.0,0,0,7.05,S,Third,man,True,,Southampton,no,True,MALE
364,0,3,male,29.69911764705882,1,0,15.5,Q,Third,man,True,,Queenstown,no,False,MALE
365,0,3,male,30.0,0,0,7.25,S,Third,man,True,,Southampton,no,True,MALE
366,1,1,female,60.0,1,0,75.25,C,First,woman,False,D,Cherbourg,yes,False,FEMALE
367,1,3,female,29.69911764705882,0,0,7.2292,C,Third,woman,False,,Cherbourg,yes,True,FEMALE
368,1,3,female,29.69911764705882,0,0,7.75,Q,Third,woman,False,,Queenstown,yes,True,FEMALE
369,1,1,female,24.0,0,0,69.3,C,First,woman,False,B,Cherbourg,yes,True,FEMALE
370,1,1,male,25.0,1,0,55.4417,C,First,man,True,E,Cherbourg,yes,False,MALE
371,0,3,male,18.0,1,0,6.4958,S,Third,man,True,,Southampton,no,False,MALE
372,0,3,male,19.0,0,0,8.05,S,Third,man,True,,Southampton,no,True,MALE
373,0,1,male,22.0,0,0,135.6333,C,First,man,True,,Cherbourg,no,True,MALE
374,0,3,female,3.0,3,1,21.075,S,Third,child,False,,Southampton,no,False,FEMALE
375,1,1,female,29.69911764705882,1,0,82.1708,C,First,woman,False,,Cherbourg,yes,False,FEMALE
376,1,3,female,22.0,0,0,7.25,S,Third,woman,False,,Southampton,yes,True,FEMALE
377,0,1,male,27.0,0,2,211.5,C,First,man,True,C,Cherbourg,no,False,MALE
378,0,3,male,20.0,0,0,4.0125,C,Third,man,True,,Cherbourg,no,True,MALE
379,0,3,male,19.0,0,0,7.775,S,Third,man,True,,Southampton,no,True,MALE
380,1,1,female,42.0,0,0,227.525,C,First,woman,False,,Cherbourg,yes,True,FEMALE
381,1,3,female,1.0,0,2,15.7417,C,Third,child,False,,Cherbourg,yes,False,FEMALE
382,0,3,male,32.0,0,0,7.925,S,Third,man,True,,Southampton,no,True,MALE
383,1,1,female,35.0,1,0,52.0,S,First,woman,False,,Southampton,yes,False,FEMALE
384,0,3,male,29.69911764705882,0,0,7.8958,S,Third,man,True,,Southampton,no,True,MALE
385,0,2,male,18.0,0,0,73.5,S,Second,man,True,,Southampton,no,True,MALE
386,0,3,male,1.0,5,2,46.9,S,Third,child,False,,Southampton,no,False,MALE
387,1,2,female,36.0,0,0,13.0,S,Second,woman,False,,Southampton,yes,True,FEMALE
388,0,3,male,29.69911764705882,0,0,7.7292,Q,Third,man,True,,Queenstown,no,True,MALE
389,1,2,female,17.0,0,0,12.0,C,Second,woman,False,,Cherbourg,yes,True,FEMALE
390,1,1,male,36.0,1,2,120.0,S,First,man,True,B,Southampton,yes,False,MALE
391,1,3,male,21.0,0,0,7.7958,S,Third,man,True,,Southampton,yes,True,MALE
392,0,3,male,28.0,2,0,7.925,S,Third,man,True,,Southampton,no,False,MALE
393,1,1,female,23.0,1,0,113.275,C,First,woman,False,D,Cherbourg,yes,False,FEMALE
394,1,3,female,24.0,0,2,16.7,S,Third,woman,False,G,Southampton,yes,False,FEMALE
395,0,3,male,22.0,0,0,7.7958,S,Third,man,True,,Southampton,no,True,MALE
396,0,3,female,31.0,0,0,7.8542,S,Third,woman,False,,Southampton,no,True,FEMALE
397,0,2,male,46.0,0,0,26.0,S,Second,man,True,,Southampton,no,True,MALE
398,0,2,male,23.0,0,0,10.5,S,Second,man,True,,Southampton,no,True,MALE
399,1,2,female,28.0,0,0,12.65,S,Second,woman,False,,Southampton,yes,True,FEMALE
400,1,3,male,39.0,0,0,7.925,S,Third,man,True,,Southampton,yes,True,MALE
401,0,3,male,26.0,0,0,8.05,S,Third,man,True,,Southampton,no,True,MALE
402,0,3,female,21.0,1,0,9.825,S,Third,woman,False,,Southampton,no,False,FEMALE
403,0,3,male,28.0,1,0,15.85,S,Third,man,True,,Southampton,no,False,MALE
404,0,3,female,20.0,0,0,8.6625,S,Third,woman,False,,Southampton,no,True,FEMALE
405,0,2,male,34.0,1,0,21.0,S,Second,man,True,,Southampton,no,False,MALE
406,0,3,male,51.0,0,0,7.75,S,Third,man,True,,Southampton,no,True,MALE
407,1,2,male,3.0,1,1,18.75,S,Second,child,False,,Southampton,yes,False,MALE
408,0,3,male,21.0,0,0,7.775,S,Third,man,True,,Southampton,no,True,MALE
409,0,3,female,29.69911764705882,3,1,25.4667,S,Third,woman,False,,Southampton,no,False,FEMALE
410,0,3,male,29.69911764705882,0,0,7.8958,S,Third,man,True,,Southampton,no,True,MALE
411,0,3,male,29.69911764705882,0,0,6.8583,Q,Third,man,True,,Queenstown,no,True,MALE
412,1,1,female,33.0,1,0,90.0,Q,First,woman,False,C,Queenstown,yes,False,FEMALE
413,0,2,male,29.69911764705882,0,0,0.0,S,Second,man,True,,Southampton,no,True,MALE
414,1,3,male,44.0,0,0,7.925,S,Third,man,True,,Southampton,yes,True,MALE
415,0,3,female,29.69911764705882,0,0,8.05,S,Third,woman,False,,Southampton,no,True,FEMALE
416,1,2,female,34.0,1,1,32.5,S,Second,woman,False,,Southampton,yes,False,FEMALE
417,1,2,female,18.0,0,2,13.0,S,Second,woman,False,,Southampton,yes,False,FEMALE
418,0,2,male,30.0,0,0,13.0,S,Second,man,True,,Southampton,no,True,MALE
419,0,3,female,10.0,0,2,24.15,S,Third,child,False,,Southampton,no,False,FEMALE
420,0,3,male,29.69911764705882,0,0,7.8958,C,Third,man,True,,Cherbourg,no,True,MALE
421,0,3,male,21.0,0,0,7.7333,Q,Third,man,True,,Queenstown,no,True,MALE
422,0,3,male,29.0,0,0,7.875,S,Third,man,True,,Southampton,no,True,MALE
423,0,3,female,28.0,1,1,14.4,S,Third,woman,False,,Southampton,no,False,FEMALE
424,0,3,male,18.0,1,1,20.2125,S,Third,man,True,,Southampton,no,False,MALE
425,0,3,male,29.69911764705882,0,0,7.25,S,Third,man,True,,Southampton,no,True,MALE
426,1,2,female,28.0,1,0,26.0,S,Second,woman,False,,Southampton,yes,False,FEMALE
427,1,2,female,19.0,0,0,26.0,S,Second,woman,False,,Southampton,yes,True,FEMALE
428,0,3,male,29.69911764705882,0,0,7.75,Q,Third,man,True,,Queenstown,no,True,MALE
429,1,3,male,32.0,0,0,8.05,S,Third,man,True,E,Southampton,yes,True,MALE
430,1,1,male,28.0,0,0,26.55,S,First,man,True,C,Southampton,yes,True,MALE
431,1,3,female,29.69911764705882,1,0,16.1,S,Third,woman,False,,Southampton,yes,False,FEMALE
432,1,2,female,42.0,1,0,26.0,S,Second,woman,False,,Southampton,yes,False,FEMALE
433,0,3,male,17.0,0,0,7.125,S,Third,man,True,,Southampton,no,True,MALE
434,0,1,male,50.0,1,0,55.9,S,First,man,True,E,Southampton,no,False,MALE
435,1,1,female,14.0,1,2,120.0,S,First,child,False,B,Southampton,yes,False,FEMALE
436,0,3,female,21.0,2,2,34.375,S,Third,woman,False,,Southampton,no,False,FEMALE
437,1,2,female,24.0,2,3,18.75,S,Second,woman,False,,Southampton,yes,False,FEMALE
438,0,1,male,64.0,1,4,263.0,S,First,man,True,C,Southampton,no,False,MALE
439,0,2,male,31.0,0,0,10.5,S,Second,man,True,,Southampton,no,True,MALE
440,1,2,female,45.0,1,1,26.25,S,Second,woman,False,,Southampton,yes,False,FEMALE
441,0,3,male,20.0,0,0,9.5,S,Third,man,True,,Southampton,no,True,MALE
442,0,3,male,25.0,1,0,7.775,S,Third,man,True,,Southampton,no,False,MALE
443,1,2,female,28.0,0,0,13.0,S,Second,woman,False,,Southampton,yes,True,FEMALE
444,1,3,male,29.69911764705882,0,0,8.1125,S,Third,man,True,,Southampton,yes,True,MALE
445,1,1,male,4.0,0,2,81.8583,S,First,child,False,A,Southampton,yes,False,MALE
446,1,2,female,13.0,0,1,19.5,S,Second,child,False,,Southampton,yes,False,FEMALE
447,1,1,male,34.0,0,0,26.55,S,First,man,True,,Southampton,yes,True,MALE
448,1,3,female,5.0,2,1,19.2583,C,Third,child,False,,Cherbourg,yes,False,FEMALE
449,1,1,male,52.0,0,0,30.5,S,First,man,True,C,Southampton,yes,True,MALE
450,0,2,male,36.0,1,2,27.75,S,Second,man,True,,Southampton,no,False,MALE
451,0,3,male,29.69911764705882,1,0,19.9667,S,Third,man,True,,Southampton,no,False,MALE
452,0,1,male,30.0,0,0,27.75,C,First,man,True,C,Cherbourg,no,True,MALE
453,1,1,male,49.0,1,0,89.1042,C,First,man,True,C,Cherbourg,yes,False,MALE
454,0,3,male,29.69911764705882,0,0,8.05,S,Third,man,True,,Southampton,no,True,MALE
455,1,3,male,29.0,0,0,7.8958,C,Third,man,True,,Cherbourg,yes,True,MALE
456,0,1,male,65.0,0,0,26.55,S,First,man,True,E,Southampton,no,True,MALE
457,1,1,female,29.69911764705882,1,0,51.8625,S,First,woman,False,D,Southampton,yes,False,FEMALE
458,1,2,female,50.0,0,0,10.5,S,Second,woman,False,,Southampton,yes,True,FEMALE
459,0,3,male,29.69911764705882,0,0,7.75,Q,Third,man,True,,Queenstown,no,True,MALE
460,1,1,male,48.0,0,0,26.55,S,First,man,True,E,Southampton,yes,True,MALE
461,0,3,male,34.0,0,0,8.05,S,Third,man,True,,Southampton,no,True,MALE
462,0,1,male,47.0,0,0,38.5,S,First,man,True,E,Southampton,no,True,MALE
463,0,2,male,48.0,0,0,13.0,S,Second,man,True,,Southampton,no,True,MALE
464,0,3,male,29.69911764705882,0,0,8.05,S,Third,man,True,,Southampton,no,True,MALE
465,0,3,male,38.0,0,0,7.05,S,Third,man,True,,Southampton,no,True,MALE
466,0,2,male,29.69911764705882,0,0,0.0,S,Second,man,True,,Southampton,no,True,MALE
467,0,1,male,56.0,0,0,26.55,S,First,man,True,,Southampton,no,True,MALE
468,0,3,male,29.69911764705882,0,0,7.725,Q,Third,man,True,,Queenstown,no,True,MALE
469,1,3,female,0.75,2,1,19.2583,C,Third,child,False,,Cherbourg,yes,False,FEMALE
470,0,3,male,29.69911764705882,0,0,7.25,S,Third,man,True,,Southampton,no,True,MALE
471,0,3,male,38.0,0,0,8.6625,S,Third,man,True,,Southampton,no,True,MALE
472,1,2,female,33.0,1,2,27.75,S,Second,woman,False,,Southampton,yes,False,FEMALE
473,1,2,female,23.0,0,0,13.7917,C,Second,woman,False,D,Cherbourg,yes,True,FEMALE
474,0,3,female,22.0,0,0,9.8375,S,Third,woman,False,,Southampton,no,True,FEMALE
475,0,1,male,29.69911764705882,0,0,52.0,S,First,man,True,A,Southampton,no,True,MALE
476,0,2,male,34.0,1,0,21.0,S,Second,man,True,,Southampton,no,False,MALE
477,0,3,male,29.0,1,0,7.0458,S,Third,man,True,,Southampton,no,False,MALE
478,0,3,male,22.0,0,0,7.5208,S,Third,man,True,,Southampton,no,True,MALE
479,1,3,female,2.0,0,1,12.2875,S,Third,child,False,,Southampton,yes,False,FEMALE
480,0,3,male,9.0,5,2,46.9,S,Third,child,False,,Southampton,no,False,MALE
481,0,2,male,29.69911764705882,0,0,0.0,S,Second,man,True,,Southampton,no,True,MALE
482,0,3,male,50.0,0,0,8.05,S,Third,man,True,,Southampton,no,True,MALE
483,1,3,female,63.0,0,0,9.5875,S,Third,woman,False,,Southampton,yes,True,FEMALE
484,1,1,male,25.0,1,0,91.0792,C,First,man,True,B,Cherbourg,yes,False,MALE
485,0,3,female,29.69911764705882,3,1,25.4667,S,Third,woman,False,,Southampton,no,False,FEMALE
486,1,1,female,35.0,1,0,90.0,S,First,woman,False,C,Southampton,yes,False,FEMALE
487,0,1,male,58.0,0,0,29.7,C,First,man,True,B,Cherbourg,no,True,MALE
488,0,3,male,30.0,0,0,8.05,S,Third,man,True,,Southampton,no,True,MALE
489,1,3,male,9.0,1,1,15.9,S,Third,child,False,,Southampton,yes,False,MALE
490,0,3,male,29.69911764705882,1,0,19.9667,S,Third,man,True,,Southampton,no,False,MALE
491,0,3,male,21.0,0,0,7.25,S,Third,man,True,,Southampton,no,True,MALE
492,0,1,male,55.0,0,0,30.5,S,First,man,True,C,Southampton,no,True,MALE
493,0,1,male,71.0,0,0,49.5042,C,First,man,True,,Cherbourg,no,True,MALE
494,0,3,male,21.0,0,0,8.05,S,Third,man,True,,Southampton,no,True,MALE
495,0,3,male,29.69911764705882,0,0,14.4583,C,Third,man,True,,Cherbourg,no,True,MALE
496,1,1,female,54.0,1,0,78.2667,C,First,woman,False,D,Cherbourg,yes,False,FEMALE
497,0,3,male,29.69911764705882,0,0,15.1,S,Third,man,True,,Southampton,no,True,MALE
498,0,1,female,25.0,1,2,151.55,S,First,woman,False,C,Southampton,no,False,FEMALE
499,0,3,male,24.0,0,0,7.7958,S,Third,man,True,,Southampton,no,True,MALE
500,0,3,male,17.0,0,0,8.6625,S,Third,man,True,,Southampton,no,True,MALE
501,0,3,female,21.0,0,0,7.75,Q,Third,woman,False,,Queenstown,no,True,FEMALE
502,0,3,female,29.69911764705882,0,0,7.6292,Q,Third,woman,False,,Queenstown,no,True,FEMALE
503,0,3,female,37.0,0,0,9.5875,S,Third,woman,False,,Southampton,no,True,FEMALE
504,1,1,female,16.0,0,0,86.5,S,First,woman,False,B,Southampton,yes,True,FEMALE
505,0,1,male,18.0,1,0,108.9,C,First,man,True,C,Cherbourg,no,False,MALE
506,1,2,female,33.0,0,2,26.0,S,Second,woman,False,,Southampton,yes,False,FEMALE
507,1,1,male,29.69911764705882,0,0,26.55,S,First,man,True,,Southampton,yes,True,MALE
508,0,3,male,28.0,0,0,22.525,S,Third,man,True,,Southampton,no,True,MALE
509,1,3,male,26.0,0,0,56.4958,S,Third,man,True,,Southampton,yes,True,MALE
510,1,3,male,29.0,0,0,7.75,Q,Third,man,True,,Queenstown,yes,True,MALE
511,0,3,male,29.69911764705882,0,0,8.05,S,Third,man,True,,Southampton,no,True,MALE
512,1,1,male,36.0,0,0,26.2875,S,First,man,True,E,Southampton,yes,True,MALE
513,1,1,female,54.0,1,0,59.4,C,First,woman,False,,Cherbourg,yes,False,FEMALE
514,0,3,male,24.0,0,0,7.4958,S,Third,man,True,,Southampton,no,True,MALE
515,0,1,male,47.0,0,0,34.0208,S,First,man,True,D,Southampton,no,True,MALE
516,1,2,female,34.0,0,0,10.5,S,Second,woman,False,F,Southampton,yes,True,FEMALE
517,0,3,male,29.69911764705882,0,0,24.15,Q,Third,man,True,,Queenstown,no,True,MALE
518,1,2,female,36.0,1,0,26.0,S,Second,woman,False,,Southampton,yes,False,FEMALE
519,0,3,male,32.0,0,0,7.8958,S,Third,man,True,,Southampton,no,True,MALE
520,1,1,female,30.0,0,0,93.5,S,First,woman,False,B,Southampton,yes,True,FEMALE
521,0,3,male,22.0,0,0,7.8958,S,Third,man,True,,Southampton,no,True,MALE
522,0,3,male,29.69911764705882,0,0,7.225,C,Third,man,True,,Cherbourg,no,True,MALE
523,1,1,female,44.0,0,1,57.9792,C,First,woman,False,B,Cherbourg,yes,False,FEMALE
524,0,3,male,29.69911764705882,0,0,7.2292,C,Third,man,True,,Cherbourg,no,True,MALE
525,0,3,male,40.5,0,0,7.75,Q,Third,man,True,,Queenstown,no,True,MALE
526,1,2,female,50.0,0,0,10.5,S,Second,woman,False,,Southampton,yes,True,FEMALE
527,0,1,male,29.69911764705882,0,0,221.7792,S,First,man,True,C,Southampton,no,True,MALE
528,0,3,male,39.0,0,0,7.925,S,Third,man,True,,Southampton,no,True,MALE
529,0,2,male,23.0,2,1,11.5,S,Second,man,True,,Southampton,no,False,MALE
530,1,2,female,2.0,1,1,26.0,S,Second,child,False,,Southampton,yes,False,FEMALE
531,0,3,male,29.69911764705882,0,0,7.2292,C,Third,man,True,,Cherbourg,no,True,MALE
532,0,3,male,17.0,1,1,7.2292,C,Third,man,True,,Cherbourg,no,False,MALE
533,1,3,female,29.69911764705882,0,2,22.3583,C,Third,woman,False,,Cherbourg,yes,False,FEMALE
534,0,3,female,30.0,0,0,8.6625,S,Third,woman,False,,Southampton,no,True,FEMALE
535,1,2,female,7.0,0,2,26.25,S,Second,child,False,,Southampton,yes,False,FEMALE
536,0,1,male,45.0,0,0,26.55,S,First,man,True,B,Southampton,no,True,MALE
537,1,1,female,30.0,0,0,106.425,C,First,woman,False,,Cherbourg,yes,True,FEMALE
538,0,3,male,29.69911764705882,0,0,14.5,S,Third,man,True,,Southampton,no,True,MALE
539,1,1,female,22.0,0,2,49.5,C,First,woman,False,B,Cherbourg,yes,False,FEMALE
540,1,1,female,36.0,0,2,71.0,S,First,woman,False,B,Southampton,yes,False,FEMALE
541,0,3,female,9.0,4,2,31.275,S,Third,child,False,,Southampton,no,False,FEMALE
542,0,3,female,11.0,4,2,31.275,S,Third,child,False,,Southampton,no,False,FEMALE
543,1,2,male,32.0,1,0,26.0,S,Second,man,True,,Southampton,yes,False,MALE
544,0,1,male,50.0,1,0,106.425,C,First,man,True,C,Cherbourg,no,False,MALE
545,0,1,male,64.0,0,0,26.0,S,First,man,True,,Southampton,no,True,MALE
546,1,2,female,19.0,1,0,26.0,S,Second,woman,False,,Southampton,yes,False,FEMALE
547,1,2,male,29.69911764705882,0,0,13.8625,C,Second,man,True,,Cherbourg,yes,True,MALE
548,0,3,male,33.0,1,1,20.525,S,Third,man,True,,Southampton,no,False,MALE
549,1,2,male,8.0,1,1,36.75,S,Second,child,False,,Southampton,yes,False,MALE
550,1,1,male,17.0,0,2,110.8833,C,First,man,True,C,Cherbourg,yes,False,MALE
551,0,2,male,27.0,0,0,26.0,S,Second,man,True,,Southampton,no,True,MALE
552,0,3,male,29.69911764705882,0,0,7.8292,Q,Third,man,True,,Queenstown,no,True,MALE
553,1,3,male,22.0,0,0,7.225,C,Third,man,True,,Cherbourg,yes,True,MALE
554,1,3,female,22.0,0,0,7.775,S,Third,woman,False,,Southampton,yes,True,FEMALE
555,0,1,male,62.0,0,0,26.55,S,First,man,True,,Southampton,no,True,MALE
556,1,1,female,48.0,1,0,39.6,C,First,woman,False,A,Cherbourg,yes,False,FEMALE
557,0,1,male,29.69911764705882,0,0,227.525,C,First,man,True,,Cherbourg,no,True,MALE
558,1,1,female,39.0,1,1,79.65,S,First,woman,False,E,Southampton,yes,False,FEMALE
559,1,3,female,36.0,1,0,17.4,S,Third,woman,False,,Southampton,yes,False,FEMALE
560,0,3,male,29.69911764705882,0,0,7.75,Q,Third,man,True,,Queenstown,no,True,MALE
561,0,3,male,40.0,0,0,7.8958,S,Third,man,True,,Southampton,no,True,MALE
562,0,2,male,28.0,0,0,13.5,S,Second,man,True,,Southampton,no,True,MALE
563,0,3,male,29.69911764705882,0,0,8.05,S,Third,man,True,,Southampton,no,True,MALE
564,0,3,female,29.69911764705882,0,0,8.05,S,Third,woman,False,,Southampton,no,True,FEMALE
565,0,3,male,24.0,2,0,24.15,S,Third,man,True,,Southampton,no,False,MALE
566,0,3,male,19.0,0,0,7.8958,S,Third,man,True,,Southampton,no,True,MALE
567,0,3,female,29.0,0,4,21.075,S,Third,woman,False,,Southampton,no,False,FEMALE
568,0,3,male,29.69911764705882,0,0,7.2292,C,Third,man,True,,Cherbourg,no,True,MALE
569,1,3,male,32.0,0,0,7.8542,S,Third,man,True,,Southampton,yes,True,MALE
570,1,2,male,62.0,0,0,10.5,S,Second,man,True,,Southampton,yes,True,MALE
571,1,1,female,53.0,2,0,51.4792,S,First,woman,False,C,Southampton,yes,False,FEMALE
572,1,1,male,36.0,0,0,26.3875,S,First,man,True,E,Southampton,yes,True,MALE
573,1,3,female,29.69911764705882,0,0,7.75,Q,Third,woman,False,,Queenstown,yes,True,FEMALE
574,0,3,male,16.0,0,0,8.05,S,Third,man,True,,Southampton,no,True,MALE
575,0,3,male,19.0,0,0,14.5,S,Third,man,True,,Southampton,no,True,MALE
576,1,2,female,34.0,0,0,13.0,S,Second,woman,False,,Southampton,yes,True,FEMALE
577,1,1,female,39.0,1,0,55.9,S,First,woman,False,E,Southampton,yes,False,FEMALE
578,0,3,female,29.69911764705882,1,0,14.4583,C,Third,woman,False,,Cherbourg,no,False,FEMALE
579,1,3,male,32.0,0,0,7.925,S,Third,man,True,,Southampton,yes,True,MALE
580,1,2,female,25.0,1,1,30.0,S,Second,woman,False,,Southampton,yes,False,FEMALE
581,1,1,female,39.0,1,1,110.8833,C,First,woman,False,C,Cherbourg,yes,False,FEMALE
582,0,2,male,54.0,0,0,26.0,S,Second,man,True,,Southampton,no,True,MALE
583,0,1,male,36.0,0,0,40.125,C,First,man,True,A,Cherbourg,no,True,MALE
584,0,3,male,29.69911764705882,0,0,8.7125,C,Third,man,True,,Cherbourg,no,True,MALE
585,1,1,female,18.0,0,2,79.65,S,First,woman,False,E,Southampton,yes,False,FEMALE
586,0,2,male,47.0,0,0,15.0,S,Second,man,True,,Southampton,no,True,MALE
587,1,1,male,60.0,1,1,79.2,C,First,man,True,B,Cherbourg,yes,False,MALE
588,0,3,male,22.0,0,0,8.05,S,Third,man,True,,Southampton,no,True,MALE
589,0,3,male,29.69911764705882,0,0,8.05,S,Third,man,True,,Southampton,no,True,MALE
590,0,3,male,35.0,0,0,7.125,S,Third,man,True,,Southampton,no,True,MALE
591,1,1,female,52.0,1,0,78.2667,C,First,woman,False,D,Cherbourg,yes,False,FEMALE
592,0,3,male,47.0,0,0,7.25,S,Third,man,True,,Southampton,no,True,MALE
593,0,3,female,29.69911764705882,0,2,7.75,Q,Third,woman,False,,Queenstown,no,False,FEMALE
594,0,2,male,37.0,1,0,26.0,S,Second,man,True,,Southampton,no,False,MALE
595,0,3,male,36.0,1,1,24.15,S,Third,man,True,,Southampton,no,False,MALE
596,1,2,female,29.69911764705882,0,0,33.0,S,Second,woman,False,,Southampton,yes,True,FEMALE
597,0,3,male,49.0,0,0,0.0,S,Third,man,True,,Southampton,no,True,MALE
598,0,3,male,29.69911764705882,0,0,7.225,C,Third,man,True,,Cherbourg,no,True,MALE
599,1,1,male,49.0,1,0,56.9292,C,First,man,True,A,Cherbourg,yes,False,MALE
600,1,2,female,24.0,2,1,27.0,S,Second,woman,False,,Southampton,yes,False,FEMALE
601,0,3,male,29.69911764705882,0,0,7.8958,S,Third,man,True,,Southampton,no,True,MALE
602,0,1,male,29.69911764705882,0,0,42.4,S,First,man,True,,Southampton,no,True,MALE
603,0,3,male,44.0,0,0,8.05,S,Third,man,True,,Southampton,no,True,MALE
604,1,1,male,35.0,0,0,26.55,C,First,man,True,,Cherbourg,yes,True,MALE
605,0,3,male,36.0,1,0,15.55,S,Third,man,True,,Southampton,no,False,MALE
606,0,3,male,30.0,0,0,7.8958,S,Third,man,True,,Southampton,no,True,MALE
607,1,1,male,27.0,0,0,30.5,S,First,man,True,,Southampton,yes,True,MALE
608,1,2,female,22.0,1,2,41.5792,C,Second,woman,False,,Cherbourg,yes,False,FEMALE
609,1,1,female,40.0,0,0,153.4625,S,First,woman,False,C,Southampton,yes,True,FEMALE
610,0,3,female,39.0,1,5,31.275,S,Third,woman,False,,Southampton,no,False,FEMALE
611,0,3,male,29.69911764705882,0,0,7.05,S,Third,man,True,,Southampton,no,True,MALE
612,1,3,female,29.69911764705882,1,0,15.5,Q,Third,woman,False,,Queenstown,yes,False,FEMALE
613,0,3,male,29.69911764705882,0,0,7.75,Q,Third,man,True,,Queenstown,no,True,MALE
614,0,3,male,35.0,0,0,8.05,S,Third,man,True,,Southampton,no,True,MALE
615,1,2,female,24.0,1,2,65.0,S,Second,woman,False,,Southampton,yes,False,FEMALE
616,0,3,male,34.0,1,1,14.4,S,Third,man,True,,Southampton,no,False,MALE
617,0,3,female,26.0,1,0,16.1,S,Third,woman,False,,Southampton,no,False,FEMALE
618,1,2,female,4.0,2,1,39.0,S,Second,child,False,F,Southampton,yes,False,FEMALE
619,0,2,male,26.0,0,0,10.5,S,Second,man,True,,Southampton,no,True,MALE
620,0,3,male,27.0,1,0,14.4542,C,Third,man,True,,Cherbourg,no,False,MALE
621,1,1,male,42.0,1,0,52.5542,S,First,man,True,D,Southampton,yes,False,MALE
622,1,3,male,20.0,1,1,15.7417,C,Third,man,True,,Cherbourg,yes,False,MALE
623,0,3,male,21.0,0,0,7.8542,S,Third,man,True,,Southampton,no,True,MALE
624,0,3,male,21.0,0,0,16.1,S,Third,man,True,,Southampton,no,True,MALE
625,0,1,male,61.0,0,0,32.3208,S,First,man,True,D,Southampton,no,True,MALE
626,0,2,male,57.0,0,0,12.35,Q,Second,man,True,,Queenstown,no,True,MALE
627,1,1,female,21.0,0,0,77.9583,S,First,woman,False,D,Southampton,yes,True,FEMALE
628,0,3,male,26.0,0,0,7.8958,S,Third,man,True,,Southampton,no,True,MALE
629,0,3,male,29.69911764705882,0,0,7.7333,Q,Third,man,True,,Queenstown,no,True,MALE
630,1,1,male,80.0,0,0,30.0,S,First,man,True,A,Southampton,yes,True,MALE
631,0,3,male,51.0,0,0,7.0542,S,Third,man,True,,Southampton,no,True,MALE
632,1,1,male,32.0,0,0,30.5,C,First,man,True,B,Cherbourg,yes,True,MALE
633,0,1,male,29.69911764705882,0,0,0.0,S,First,man,True,,Southampton,no,True,MALE
634,0,3,female,9.0,3,2,27.9,S,Third,child,False,,Southampton,no,False,FEMALE
635,1,2,female,28.0,0,0,13.0,S,Second,woman,False,,Southampton,yes,True,FEMALE
636,0,3,male,32.0,0,0,7.925,S,Third,man,True,,Southampton,no,True,MALE
637,0,2,male,31.0,1,1,26.25,S,Second,man,True,,Southampton,no,False,MALE
638,0,3,female,41.0,0,5,39.6875,S,Third,woman,False,,Southampton,no,False,FEMALE
639,0,3,male,29.69911764705882,1,0,16.1,S,Third,man,True,,Southampton,no,False,MALE
640,0,3,male,20.0,0,0,7.8542,S,Third,man,True,,Southampton,no,True,MALE
641,1,1,female,24.0,0,0,69.3,C,First,woman,False,B,Cherbourg,yes,True,FEMALE
642,0,3,female,2.0,3,2,27.9,S,Third,child,False,,Southampton,no,False,FEMALE
643,1,3,male,29.69911764705882,0,0,56.4958,S,Third,man,True,,Southampton,yes,True,MALE
644,1,3,female,0.75,2,1,19.2583,C,Third,child,False,,Cherbourg,yes,False,FEMALE
645,1,1,male,48.0,1,0,76.7292,C,First,man,True,D,Cherbourg,yes,False,MALE
646,0,3,male,19.0,0,0,7.8958,S,Third,man,True,,Southampton,no,True,MALE
647,1,1,male,56.0,0,0,35.5,C,First,man,True,A,Cherbourg,yes,True,MALE
648,0,3,male,29.69911764705882,0,0,7.55,S,Third,man,True,,Southampton,no,True,MALE
649,1,3,female,23.0,0,0,7.55,S,Third,woman,False,,Southampton,yes,True,FEMALE
650,0,3,male,29.69911764705882,0,0,7.8958,S,Third,man,True,,Southampton,no,True,MALE
651,1,2,female,18.0,0,1,23.0,S,Second,woman,False,,Southampton,yes,False,FEMALE
652,0,3,male,21.0,0,0,8.4333,S,Third,man,True,,Southampton,no,True,MALE
653,1,3,female,29.69911764705882,0,0,7.8292,Q,Third,woman,False,,Queenstown,yes,True,FEMALE
654,0,3,female,18.0,0,0,6.75,Q,Third,woman,False,,Queenstown,no,True,FEMALE
655,0,2,male,24.0,2,0,73.5,S,Second,man,True,,Southampton,no,False,MALE
656,0,3,male,29.69911764705882,0,0,7.8958,S,Third,man,True,,Southampton,no,True,MALE
657,0,3,female,32.0,1,1,15.5,Q,Third,woman,False,,Queenstown,no,False,FEMALE
658,0,2,male,23.0,0,0,13.0,S,Second,man,True,,Southampton,no,True,MALE
659,0,1,male,58.0,0,2,113.275,C,First,man,True,D,Cherbourg,no,False,MALE
660,1,1,male,50.0,2,0,133.65,S,First,man,True,,Southampton,yes,False,MALE
661,0,3,male,40.0,0,0,7.225,C,Third,man,True,,Cherbourg,no,True,MALE
662,0,1,male,47.0,0,0,25.5875,S,First,man,True,E,Southampton,no,True,MALE
663,0,3,male,36.0,0,0,7.4958,S,Third,man,True,,Southampton,no,True,MALE
664,1,3,male,20.0,1,0,7.925,S,Third,man,True,,Southampton,yes,False,MALE
665,0,2,male,32.0,2,0,73.5,S,Second,man,True,,Southampton,no,False,MALE
666,0,2,male,25.0,0,0,13.0,S,Second,man,True,,Southampton,no,True,MALE
667,0,3,male,29.69911764705882,0,0,7.775,S,Third,man,True,,Southampton,no,True,MALE
668,0,3,male,43.0,0,0,8.05,S,Third,man,True,,Southampton,no,True,MALE
669,1,1,female,29.69911764705882,1,0,52.0,S,First,woman,False,C,Southampton,yes,False,FEMALE
670,1,2,female,40.0,1,1,39.0,S,Second,woman,False,,Southampton,yes,False,FEMALE
671,0,1,male,31.0,1,0,52.0,S,First,man,True,B,Southampton,no,False,MALE
672,0,2,male,70.0,0,0,10.5,S,Second,man,True,,Southampton,no,True,MALE
673,1,2,male,31.0,0,0,13.0,S,Second,man,True,,Southampton,yes,True,MALE
674,0,2,male,29.69911764705882,0,0,0.0,S,Second,man,True,,Southampton,no,True,MALE
675,0,3,male,18.0,0,0,7.775,S,Third,man,True,,Southampton,no,True,MALE
676,0,3,male,24.5,0,0,8.05,S,Third,man,True,,Southampton,no,True,MALE
677,1,3,female,18.0,0,0,9.8417,S,Third,woman,False,,Southampton,yes,True,FEMALE
678,0,3,female,43.0,1,6,46.9,S,Third,woman,False,,Southampton,no,False,FEMALE
679,1,1,male,36.0,0,1,512.3292,C,First,man,True,B,Cherbourg,yes,False,MALE
680,0,3,female,29.69911764705882,0,0,8.1375,Q,Third,woman,False,,Queenstown,no,True,FEMALE
681,1,1,male,27.0,0,0,76.7292,C,First,man,True,D,Cherbourg,yes,True,MALE
682,0,3,male,20.0,0,0,9.225,S,Third,man,True,,Southampton,no,True,MALE
683,0,3,male,14.0,5,2,46.9,S,Third,child,False,,Southampton,no,False,MALE
684,0,2,male,60.0,1,1,39.0,S,Second,man,True,,Southampton,no,False,MALE
685,0,2,male,25.0,1,2,41.5792,C,Second,man,True,,Cherbourg,no,False,MALE
686,0,3,male,14.0,4,1,39.6875,S,Third,child,False,,Southampton,no,False,MALE
687,0,3,male,19.0,0,0,10.1708,S,Third,man,True,,Southampton,no,True,MALE
688,0,3,male,18.0,0,0,7.7958,S,Third,man,True,,Southampton,no,True,MALE
689,1,1,female,15.0,0,1,211.3375,S,First,child,False,B,Southampton,yes,False,FEMALE
690,1,1,male,31.0,1,0,57.0,S,First,man,True,B,Southampton,yes,False,MALE
691,1,3,female,4.0,0,1,13.4167,C,Third,child,False,,Cherbourg,yes,False,FEMALE
692,1,3,male,29.69911764705882,0,0,56.4958,S,Third,man,True,,Southampton,yes,True,MALE
693,0,3,male,25.0,0,0,7.225,C,Third,man,True,,Cherbourg,no,True,MALE
694,0,1,male,60.0,0,0,26.55,S,First,man,True,,Southampton,no,True,MALE
695,0,2,male,52.0,0,0,13.5,S,Second,man,True,,Southampton,no,True,MALE
696,0,3,male,44.0,0,0,8.05,S,Third,man,True,,Southampton,no,True,MALE
697,1,3,female,29.69911764705882,0,0,7.7333,Q,Third,woman,False,,Queenstown,yes,True,FEMALE
698,0,1,male,49.0,1,1,110.8833,C,First,man,True,C,Cherbourg,no,False,MALE
699,0,3,male,42.0,0,0,7.65,S,Third,man,True,F,Southampton,no,True,MALE
700,1,1,female,18.0,1,0,227.525,C,First,woman,False,C,Cherbourg,yes,False,FEMALE
701,1,1,male,35.0,0,0,26.2875,S,First,man,True,E,Southampton,yes,True,MALE
702,0,3,female,18.0,0,1,14.4542,C,Third,woman,False,,Cherbourg,no,False,FEMALE
703,0,3,male,25.0,0,0,7.7417,Q,Third,man,True,,Queenstown,no,True,MALE
704,0,3,male,26.0,1,0,7.8542,S,Third,man,True,,Southampton,no,False,MALE
705,0,2,male,39.0,0,0,26.0,S,Second,man,True,,Southampton,no,True,MALE
706,1,2,female,45.0,0,0,13.5,S,Second,woman,False,,Southampton,yes,True,FEMALE
707,1,1,male,42.0,0,0,26.2875,S,First,man,True,E,Southampton,yes,True,MALE
708,1,1,female,22.0,0,0,151.55,S,First,woman,False,,Southampton,yes,True,FEMALE
709,1,3,male,29.69911764705882,1,1,15.2458,C,Third,man,True,,Cherbourg,yes,False,MALE
710,1,1,female,24.0,0,0,49.5042,C,First,woman,False,C,Cherbourg,yes,True,FEMALE
711,0,1,male,29.69911764705882,0,0,26.55,S,First,man,True,C,Southampton,no,True,MALE
712,1,1,male,48.0,1,0,52.0,S,First,man,True,C,Southampton,yes,False,MALE
713,0,3,male,29.0,0,0,9.4833,S,Third,man,True,,Southampton,no,True,MALE
714,0,2,male,52.0,0,0,13.0,S,Second,man,True,,Southampton,no,True,MALE
715,0,3,male,19.0,0,0,7.65,S,Third,man,True,F,Southampton,no,True,MALE
716,1,1,female,38.0,0,0,227.525,C,First,woman,False,C,Cherbourg,yes,True,FEMALE
717,1,2,female,27.0,0,0,10.5,S,Second,woman,False,E,Southampton,yes,True,FEMALE
718,0,3,male,29.69911764705882,0,0,15.5,Q,Third,man,True,,Queenstown,no,True,MALE
719,0,3,male,33.0,0,0,7.775,S,Third,man,True,,Southampton,no,True,MALE
720,1,2,female,6.0,0,1,33.0,S,Second,child,False,,Southampton,yes,False,FEMALE
721,0,3,male,17.0,1,0,7.0542,S,Third,man,True,,Southampton,no,False,MALE
722,0,2,male,34.0,0,0,13.0,S,Second,man,True,,Southampton,no,True,MALE
723,0,2,male,50.0,0,0,13.0,S,Second,man,True,,Southampton,no,True,MALE
724,1,1,male,27.0,1,0,53.1,S,First,man,True,E,Southampton,yes,False,MALE
725,0,3,male,20.0,0,0,8.6625,S,Third,man,True,,Southampton,no,True,MALE
726,1,2,female,30.0,3,0,21.0,S,Second,woman,False,,Southampton,yes,False,FEMALE
727,1,3,female,29.69911764705882,0,0,7.7375,Q,Third,woman,False,,Queenstown,yes,True,FEMALE
728,0,2,male,25.0,1,0,26.0,S,Second,man,True,,Southampton,no,False,MALE
729,0,3,female,25.0,1,0,7.925,S,Third,woman,False,,Southampton,no,False,FEMALE
730,1,1,female,29.0,0,0,211.3375,S,First,woman,False,B,Southampton,yes,True,FEMALE
731,0,3,male,11.0,0,0,18.7875,C,Third,child,False,,Cherbourg,no,True,MALE
732,0,2,male,29.69911764705882,0,0,0.0,S,Second,man,True,,Southampton,no,True,MALE
733,0,2,male,23.0,0,0,13.0,S,Second,man,True,,Southampton,no,True,MALE
734,0,2,male,23.0,0,0,13.0,S,Second,man,True,,Southampton,no,True,MALE
735,0,3,male,28.5,0,0,16.1,S,Third,man,True,,Southampton,no,True,MALE
736,0,3,female,48.0,1,3,34.375,S,Third,woman,False,,Southampton,no,False,FEMALE
737,1,1,male,35.0,0,0,512.3292,C,First,man,True,B,Cherbourg,yes,True,MALE
738,0,3,male,29.69911764705882,0,0,7.8958,S,Third,man,True,,Southampton,no,True,MALE
739,0,3,male,29.69911764705882,0,0,7.8958,S,Third,man,True,,Southampton,no,True,MALE
740,1,1,male,29.69911764705882,0,0,30.0,S,First,man,True,D,Southampton,yes,True,MALE
741,0,1,male,36.0,1,0,78.85,S,First,man,True,C,Southampton,no,False,MALE
742,1,1,female,21.0,2,2,262.375,C,First,woman,False,B,Cherbourg,yes,False,FEMALE
743,0,3,male,24.0,1,0,16.1,S,Third,man,True,,Southampton,no,False,MALE
744,1,3,male,31.0,0,0,7.925,S,Third,man,True,,Southampton,yes,True,MALE
745,0,1,male,70.0,1,1,71.0,S,First,man,True,B,Southampton,no,False,MALE
746,0,3,male,16.0,1,1,20.25,S,Third,man,True,,Southampton,no,False,MALE
747,1,2,female,30.0,0,0,13.0,S,Second,woman,False,,Southampton,yes,True,FEMALE
748,0,1,male,19.0,1,0,53.1,S,First,man,True,D,Southampton,no,False,MALE
749,0,3,male,31.0,0,0,7.75,Q,Third,man,True,,Queenstown,no,True,MALE
750,1,2,female,4.0,1,1,23.0,S,Second,child,False,,Southampton,yes,False,FEMALE
751,1,3,male,6.0,0,1,12.475,S,Third,child,False,E,Southampton,yes,False,MALE
752,0,3,male,33.0,0,0,9.5,S,Third,man,True,,Southampton,no,True,MALE
753,0,3,male,23.0,0,0,7.8958,S,Third,man,True,,Southampton,no,True,MALE
754,1,2,female,48.0,1,2,65.0,S,Second,woman,False,,Southampton,yes,False,FEMALE
755,1,2,male,0.67,1,1,14.5,S,Second,child,False,,Southampton,yes,False,MALE
756,0,3,male,28.0,0,0,7.7958,S,Third,man,True,,Southampton,no,True,MALE
757,0,2,male,18.0,0,0,11.5,S,Second,man,True,,Southampton,no,True,MALE
758,0,3,male,34.0,0,0,8.05,S,Third,man,True,,Southampton,no,True,MALE
759,1,1,female,33.0,0,0,86.5,S,First,woman,False,B,Southampton,yes,True,FEMALE
760,0,3,male,29.69911764705882,0,0,14.5,S,Third,man,True,,Southampton,no,True,MALE
761,0,3,male,41.0,0,0,7.125,S,Third,man,True,,Southampton,no,True,MALE
762,1,3,male,20.0,0,0,7.2292,C,Third,man,True,,Cherbourg,yes,True,MALE
763,1,1,female,36.0,1,2,120.0,S,First,woman,False,B,Southampton,yes,False,FEMALE
764,0,3,male,16.0,0,0,7.775,S,Third,man,True,,Southampton,no,True,MALE
765,1,1,female,51.0,1,0,77.9583,S,First,woman,False,D,Southampton,yes,False,FEMALE
766,0,1,male,29.69911764705882,0,0,39.6,C,First,man,True,,Cherbourg,no,True,MALE
767,0,3,female,30.5,0,0,7.75,Q,Third,woman,False,,Queenstown,no,True,FEMALE
768,0,3,male,29.69911764705882,1,0,24.15,Q,Third,man,True,,Queenstown,no,False,MALE
769,0,3,male,32.0,0,0,8.3625,S,Third,man,True,,Southampton,no,True,MALE
770,0,3,male,24.0,0,0,9.5,S,Third,man,True,,Southampton,no,True,MALE
771,0,3,male,48.0,0,0,7.8542,S,Third,man,True,,Southampton,no,True,MALE
772,0,2,female,57.0,0,0,10.5,S,Second,woman,False,E,Southampton,no,True,FEMALE
773,0,3,male,29.69911764705882,0,0,7.225,C,Third,man,True,,Cherbourg,no,True,MALE
774,1,2,female,54.0,1,3,23.0,S,Second,woman,False,,Southampton,yes,False,FEMALE
775,0,3,male,18.0,0,0,7.75,S,Third,man,True,,Southampton,no,True,MALE
776,0,3,male,29.69911764705882,0,0,7.75,Q,Third,man,True,F,Queenstown,no,True,MALE
777,1,3,female,5.0,0,0,12.475,S,Third,child,False,,Southampton,yes,True,FEMALE
778,0,3,male,29.69911764705882,0,0,7.7375,Q,Third,man,True,,Queenstown,no,True,MALE
779,1,1,female,43.0,0,1,211.3375,S,First,woman,False,B,Southampton,yes,False,FEMALE
780,1,3,female,13.0,0,0,7.2292,C,Third,child,False,,Cherbourg,yes,True,FEMALE
781,1,1,female,17.0,1,0,57.0,S,First,woman,False,B,Southampton,yes,False,FEMALE
782,0,1,male,29.0,0,0,30.0,S,First,man,True,D,Southampton,no,True,MALE
783,0,3,male,29.69911764705882,1,2,23.45,S,Third,man,True,,Southampton,no,False,MALE
784,0,3,male,25.0,0,0,7.05,S,Third,man,True,,Southampton,no,True,MALE
785,0,3,male,25.0,0,0,7.25,S,Third,man,True,,Southampton,no,True,MALE
786,1,3,female,18.0,0,0,7.4958,S,Third,woman,False,,Southampton,yes,True,FEMALE
787,0,3,male,8.0,4,1,29.125,Q,Third,child,False,,Queenstown,no,False,MALE
788,1,3,male,1.0,1,2,20.575,S,Third,child,False,,Southampton,yes,False,MALE
789,0,1,male,46.0,0,0,79.2,C,First,man,True,B,Cherbourg,no,True,MALE
790,0,3,male,29.69911764705882,0,0,7.75,Q,Third,man,True,,Queenstown,no,True,MALE
791,0,2,male,16.0,0,0,26.0,S,Second,man,True,,Southampton,no,True,MALE
792,0,3,female,29.69911764705882,8,2,69.55,S,Third,woman,False,,Southampton,no,False,FEMALE
793,0,1,male,29.69911764705882,0,0,30.6958,C,First,man,True,,Cherbourg,no,True,MALE
794,0,3,male,25.0,0,0,7.8958,S,Third,man,True,,Southampton,no,True,MALE
795,0,2,male,39.0,0,0,13.0,S,Second,man,True,,Southampton,no,True,MALE
796,1,1,female,49.0,0,0,25.9292,S,First,woman,False,D,Southampton,yes,True,FEMALE
797,1,3,female,31.0,0,0,8.6833,S,Third,woman,False,,Southampton,yes,True,FEMALE
798,0,3,male,30.0,0,0,7.2292,C,Third,man,True,,Cherbourg,no,True,MALE
799,0,3,female,30.0,1,1,24.15,S,Third,woman,False,,Southampton,no,False,FEMALE
800,0,2,male,34.0,0,0,13.0,S,Second,man,True,,Southampton,no,True,MALE
801,1,2,female,31.0,1,1,26.25,S,Second,woman,False,,Southampton,yes,False,FEMALE
802,1,1,male,11.0,1,2,120.0,S,First,child,False,B,Southampton,yes,False,MALE
803,1,3,male,0.42,0,1,8.5167,C,Third,child,False,,Cherbourg,yes,False,MALE
804,1,3,male,27.0,0,0,6.975,S,Third,man,True,,Southampton,yes,True,MALE
805,0,3,male,31.0,0,0,7.775,S,Third,man,True,,Southampton,no,True,MALE
806,0,1,male,39.0,0,0,0.0,S,First,man,True,A,Southampton,no,True,MALE
807,0,3,female,18.0,0,0,7.775,S,Third,woman,False,,Southampton,no,True,FEMALE
808,0,2,male,39.0,0,0,13.0,S,Second,man,True,,Southampton,no,True,MALE
809,1,1,female,33.0,1,0,53.1,S,First,woman,False,E,Southampton,yes,False,FEMALE
810,0,3,male,26.0,0,0,7.8875,S,Third,man,True,,Southampton,no,True,MALE
811,0,3,male,39.0,0,0,24.15,S,Third,man,True,,Southampton,no,True,MALE
812,0,2,male,35.0,0,0,10.5,S,Second,man,True,,Southampton,no,True,MALE
813,0,3,female,6.0,4,2,31.275,S,Third,child,False,,Southampton,no,False,FEMALE
814,0,3,male,30.5,0,0,8.05,S,Third,man,True,,Southampton,no,True,MALE
815,0,1,male,29.69911764705882,0,0,0.0,S,First,man,True,B,Southampton,no,True,MALE
816,0,3,female,23.0,0,0,7.925,S,Third,woman,False,,Southampton,no,True,FEMALE
817,0,2,male,31.0,1,1,37.0042,C,Second,man,True,,Cherbourg,no,False,MALE
818,0,3,male,43.0,0,0,6.45,S,Third,man,True,,Southampton,no,True,MALE
819,0,3,male,10.0,3,2,27.9,S,Third,child,False,,Southampton,no,False,MALE
820,1,1,female,52.0,1,1,93.5,S,First,woman,False,B,Southampton,yes,False,FEMALE
821,1,3,male,27.0,0,0,8.6625,S,Third,man,True,,Southampton,yes,True,MALE
822,0,1,male,38.0,0,0,0.0,S,First,man,True,,Southampton,no,True,MALE
823,1,3,female,27.0,0,1,12.475,S,Third,woman,False,E,Southampton,yes,False,FEMALE
824,0,3,male,2.0,4,1,39.6875,S,Third,child,False,,Southampton,no,False,MALE
825,0,3,male,29.69911764705882,0,0,6.95,Q,Third,man,True,,Queenstown,no,True,MALE
826,0,3,male,29.69911764705882,0,0,56.4958,S,Third,man,True,,Southampton,no,True,MALE
827,1,2,male,1.0,0,2,37.0042,C,Second,child,False,,Cherbourg,yes,False,MALE
828,1,3,male,29.69911764705882,0,0,7.75,Q,Third,man,True,,Queenstown,yes,True,MALE
829,1,1,female,62.0,0,0,80.0,,First,woman,False,B,,yes,True,FEMALE
830,1,3,female,15.0,1,0,14.4542,C,Third,child,False,,Cherbourg,yes,False,FEMALE
831,1,2,male,0.83,1,1,18.75,S,Second,child,False,,Southampton,yes,False,MALE
832,0,3,male,29.69911764705882,0,0,7.2292,C,Third,man,True,,Cherbourg,no,True,MALE
833,0,3,male,23.0,0,0,7.8542,S,Third,man,True,,Southampton,no,True,MALE
834,0,3,male,18.0,0,0,8.3,S,Third,man,True,,Southampton,no,True,MALE
835,1,1,female,39.0,1,1,83.1583,C,First,woman,False,E,Cherbourg,yes,False,FEMALE
836,0,3,male,21.0,0,0,8.6625,S,Third,man,True,,Southampton,no,True,MALE
837,0,3,male,29.69911764705882,0,0,8.05,S,Third,man,True,,Southampton,no,True,MALE
838,1,3,male,32.0,0,0,56.4958,S,Third,man,True,,Southampton,yes,True,MALE
839,1,1,male,29.69911764705882,0,0,29.7,C,First,man,True,C,Cherbourg,yes,True,MALE
840,0,3,male,20.0,0,0,7.925,S,Third,man,True,,Southampton,no,True,MALE
841,0,2,male,16.0,0,0,10.5,S,Second,man,True,,Southampton,no,True,MALE
842,1,1,female,30.0,0,0,31.0,C,First,woman,False,,Cherbourg,yes,True,FEMALE
843,0,3,male,34.5,0,0,6.4375,C,Third,man,True,,Cherbourg,no,True,MALE
844,0,3,male,17.0,0,0,8.6625,S,Third,man,True,,Southampton,no,True,MALE
845,0,3,male,42.0,0,0,7.55,S,Third,man,True,,Southampton,no,True,MALE
846,0,3,male,29.69911764705882,8,2,69.55,S,Third,man,True,,Southampton,no,False,MALE
847,0,3,male,35.0,0,0,7.8958,C,Third,man,True,,Cherbourg,no,True,MALE
848,0,2,male,28.0,0,1,33.0,S,Second,man,True,,Southampton,no,False,MALE
849,1,1,female,29.69911764705882,1,0,89.1042,C,First,woman,False,C,Cherbourg,yes,False,FEMALE
850,0,3,male,4.0,4,2,31.275,S,Third,child,False,,Southampton,no,False,MALE
851,0,3,male,74.0,0,0,7.775,S,Third,man,True,,Southampton,no,True,MALE
852,0,3,female,9.0,1,1,15.2458,C,Third,child,False,,Cherbourg,no,False,FEMALE
853,1,1,female,16.0,0,1,39.4,S,First,woman,False,D,Southampton,yes,False,FEMALE
854,0,2,female,44.0,1,0,26.0,S,Second,woman,False,,Southampton,no,False,FEMALE
855,1,3,female,18.0,0,1,9.35,S,Third,woman,False,,Southampton,yes,False,FEMALE
856,1,1,female,45.0,1,1,164.8667,S,First,woman,False,,Southampton,yes,False,FEMALE
857,1,1,male,51.0,0,0,26.55,S,First,man,True,E,Southampton,yes,True,MALE
858,1,3,female,24.0,0,3,19.2583,C,Third,woman,False,,Cherbourg,yes,False,FEMALE
859,0,3,male,29.69911764705882,0,0,7.2292,C,Third,man,True,,Cherbourg,no,True,MALE
860,0,3,male,41.0,2,0,14.1083,S,Third,man,True,,Southampton,no,False,MALE
861,0,2,male,21.0,1,0,11.5,S,Second,man,True,,Southampton,no,False,MALE
862,1,1,female,48.0,0,0,25.9292,S,First,woman,False,D,Southampton,yes,True,FEMALE
863,0,3,female,29.69911764705882,8,2,69.55,S,Third,woman,False,,Southampton,no,False,FEMALE
864,0,2,male,24.0,0,0,13.0,S,Second,man,True,,Southampton,no,True,MALE
865,1,2,female,42.0,0,0,13.0,S,Second,woman,False,,Southampton,yes,True,FEMALE
866,1,2,female,27.0,1,0,13.8583,C,Second,woman,False,,Cherbourg,yes,False,FEMALE
867,0,1,male,31.0,0,0,50.4958,S,First,man,True,A,Southampton,no,True,MALE
868,0,3,male,29.69911764705882,0,0,9.5,S,Third,man,True,,Southampton,no,True,MALE
869,1,3,male,4.0,1,1,11.1333,S,Third,child,False,,Southampton,yes,False,MALE
870,0,3,male,26.0,0,0,7.8958,S,Third,man,True,,Southampton,no,True,MALE
871,1,1,female,47.0,1,1,52.5542,S,First,woman,False,D,Southampton,yes,False,FEMALE
872,0,1,male,33.0,0,0,5.0,S,First,man,True,B,Southampton,no,True,MALE
873,0,3,male,47.0,0,0,9.0,S,Third,man,True,,Southampton,no,True,MALE
874,1,2,female,28.0,1,0,24.0,C,Second,woman,False,,Cherbourg,yes,False,FEMALE
875,1,3,female,15.0,0,0,7.225,C,Third,child,False,,Cherbourg,yes,True,FEMALE
876,0,3,male,20.0,0,0,9.8458,S,Third,man,True,,Southampton,no,True,MALE
877,0,3,male,19.0,0,0,7.8958,S,Third,man,True,,Southampton,no,True,MALE
878,0,3,male,29.69911764705882,0,0,7.8958,S,Third,man,True,,Southampton,no,True,MALE
879,1,1,female,56.0,0,1,83.1583,C,First,woman,False,C,Cherbourg,yes,False,FEMALE
880,1,2,female,25.0,0,1,26.0,S,Second,woman,False,,Southampton,yes,False,FEMALE
881,0,3,male,33.0,0,0,7.8958,S,Third,man,True,,Southampton,no,True,MALE
882,0,3,female,22.0,0,0,10.5167,S,Third,woman,False,,Southampton,no,True,FEMALE
883,0,2,male,28.0,0,0,10.5,S,Second,man,True,,Southampton,no,True,MALE
884,0,3,male,25.0,0,0,7.05,S,Third,man,True,,Southampton,no,True,MALE
885,0,3,female,39.0,0,5,29.125,Q,Third,woman,False,,Queenstown,no,False,FEMALE
886,0,2,male,27.0,0,0,13.0,S,Second,man,True,,Southampton,no,True,MALE
887,1,1,female,19.0,0,0,30.0,S,First,woman,False,B,Southampton,yes,True,FEMALE
888,0,3,female,29.69911764705882,1,2,23.45,S,Third,woman,False,,Southampton,no,False,FEMALE
889,1,1,male,26.0,0,0,30.0,C,First,man,True,C,Cherbourg,yes,True,MALE
890,0,3,male,32.0,0,0,7.75,Q,Third,man,True,,Queenstown,no,True,MALE
